{
    "dbServer": {
        "url": "mongodb://54.71.18.74:27017/MidasTouch",
        "option": {
            "user": "MidasTouch",
            "pass": "MidasTouch2780",
            "useNewUrlParser": true,
            "reconnectInterval": 1000,
            "keepAlive": 1
        }
    },
    "token": {
        "secret": "midas_touch.com"
    },
    "adminServer": {
        "port": 4572,
        "host": "172.31.28.71",
        "url": "http://54.71.18.74:4572"
    },
    "webServer": {
        "port": 4565,
        "host": "172.31.28.71",
        "url": "http://172.31.28.71:4565"
    },
    "logger": {
        "logStart": false,
        "file": {
            "filename": "logs/logs.json",
            "level": "silly",
            "handleExceptions": true,
            "json": true,
            "maxsize": 512000,
            "maxFiles": 5,
            "colorize": false
        },
        "console": {
            "level": "debug",
            "handleExceptions": true,
            "json": false,
            "colorize": true
        },
        "http": {}
    },
    "email": {
        "service": "Gmail",
        "auth": {
            "user": "aditi.smartdata@gmail.com",
            "password": "Aditi1391@"
        },
        "from": "Midas Touch <aditi.smartdata@gmail.com>"
    },
    "TWILIO_CREDENTIALS": {
        "SID": "AC71eaeeac9c1c9cf8a3229e76b985887e",
        "Token": "4c26959ff03f854bc3043e2007d469ee",
        "twilio_number": "+12564826281"
    },
    "SALTEDGE_KEYS": {
        "base_url": "https://www.saltedge.com/api/v5/",
        "app_id": "5ICAdanuQr79Y1_fCbjtGYW11wnf1koyP7cJxLy-ZiA",
        "secret": "Evlgvx5n7iAVl35m-d09dUMu1g9gcx6Vh_hN5RfHo_4"
    },
    "yodleeBaseURL": "https://developer.api.yodlee.com/ysl/",
    "STRIPE": {
        "publishable_key": "pk_test_ST1h1FVnBk8UbfCBeaocVVRL00GuHSpYRU",
        "secret_key": "sk_test_zblSW9BrYlsHw4BRhqq8MYDa00ww0CGFRO"
    },
    "WelcomeMsg": {
        "Text_One": "Good Afternoon!",
        "Text_Two": "wealth is like a tree that grows from a tiny seed."
    },
    "XIGNITE_CREDENTIALS": {
        "xignite_baseUrl": "https://globalmaster.xignite.com/xglobalMetals.json/",
        "xignite_token": "A24551CD013546F4B653DBBBD5FA6B6C"
    },
    "Nfusion": {
        "nfusion_baseUrl": "https://api.nfusionsolutions.biz/api/v1/Metals/",
        "nfusion_token": "fb1b168a-f908-475a-8a54-2b19a872e9fe"
    },
    "RAZORPAY_CREDENTIALS": {
        "key_id": "rzp_test_9Yu7GkIK4GENH2",
        "key_secret": "4LcdHC6Gwt3aSpw83Ol1e1Di"
    },
    "SlatEdge_Return_Url": "http://54.71.18.74:4572/bankSuccess",
    "RoundUp_Amount": 10,
    "Support_Email": "admin_midas@yopmail.com",
    "queueServer": {
        "disabled": false,
        "name": "offline",
        "port": 6379,
        "host": "127.0.0.1",
        "ns": "offline",
        "timeout": "30 * 60 * 1000",
        "processors": {
            "dir": "processors",
            "default": {
                "dir": "defaults",
                "file": "default.js"
            }
        },
        "context": {
            "serializer": "(ctx) => Promise.cast(ctx)",
            "deserializer": "(ctx) => Promise.cast(ctx)",
            "processors": "(ctx) => Promise.resolve(null)"
        }
    }
}