{"level":"silly","message":"[boot:Check accessToken] started","timestamp":"2020-06-04T18:16:54.813Z"}
{"level":"silly","message":"[boot:settings:preparation:configure] started","timestamp":"2020-06-04T18:16:55.559Z"}
{"took":0.003,"level":"silly","message":"[boot:settings:preparation:configure] took: 0.003 second(s)","timestamp":"2020-06-04T18:16:55.560Z"}
{"level":"silly","message":"[boot:database:configure] started","timestamp":"2020-06-04T18:16:55.929Z"}
{"message":"[boot:database:configure] DB Connection Failed===","stack":"MongooseError: The `uri` parameter to `openUri()` must be a string, got \"undefined\". Make sure the first parameter to `mongoose.connect()` or `mongoose.createConnection()` is a string.\n    at new MongooseError (F:\\AmassApp\\node_modules\\mongoose\\lib\\error\\mongooseError.js:10:11)\n    at NativeConnection.Connection.openUri (F:\\AmassApp\\node_modules\\mongoose\\lib\\connection.js:579:11)\n    at Mongoose.connect (F:\\AmassApp\\node_modules\\mongoose\\lib\\index.js:333:15)\n    at Object.module.exports.configure (F:\\AmassApp\\settings\\database.js:16:24)\n    at configurations (F:\\AmassApp\\bin\\server.js:40:43)\n    at processTicksAndRejections (internal/process/task_queues.js:97:5)","name":"MongooseError","level":"error","timestamp":"2020-06-04T18:16:55.930Z"}
{"took":0.014,"level":"silly","message":"[boot:database:configure] took: 0.014 second(s)","timestamp":"2020-06-04T18:16:55.943Z"}
{"level":"silly","message":"[boot:settings:redis:configure] started","timestamp":"2020-06-04T18:16:56.063Z"}
{"level":"info","message":"[boot:settings:redis:configure] redis bypass","timestamp":"2020-06-04T18:16:56.063Z"}
{"took":0.001,"level":"silly","message":"[boot:settings:redis:configure] took: 0.001 second(s)","timestamp":"2020-06-04T18:16:56.064Z"}
{"level":"silly","message":"[boot:settings:hapi:configure] started","timestamp":"2020-06-04T18:16:56.206Z"}
{"level":"silly","message":"[boot:settings:routes:Initialising routes] started","timestamp":"2020-06-04T18:16:56.213Z"}
{"level":"silly","message":"[boot:settings:routes:Initialising routes:components:routes] started","timestamp":"2020-06-04T18:16:56.214Z"}
{"message":"[boot:settings:routes:Initialising routes:components:routes]","stack":"Error: The module '\\\\?\\F:\\AmassApp\\node_modules\\ursa\\build\\Release\\ursaNative.node'\nwas compiled against a different Node.js version using\nNODE_MODULE_VERSION 59. This version of Node.js requires\nNODE_MODULE_VERSION 72. Please try re-compiling or re-installing\nthe module (for instance, using `npm rebuild` or `npm install`).\n    at Object.Module._extensions..node (internal/modules/cjs/loader.js:1188:18)\n    at Module.load (internal/modules/cjs/loader.js:986:32)\n    at Function.Module._load (internal/modules/cjs/loader.js:879:14)\n    at Module.require (internal/modules/cjs/loader.js:1026:19)\n    at require (internal/modules/cjs/helpers.js:72:18)\n    at bindings (F:\\AmassApp\\node_modules\\bindings\\bindings.js:112:48)\n    at Object.<anonymous> (F:\\AmassApp\\node_modules\\ursa\\lib\\ursa.js:18:37)\n    at Module._compile (internal/modules/cjs/loader.js:1138:30)\n    at Object.Module._extensions..js (internal/modules/cjs/loader.js:1158:10)\n    at Module.load (internal/modules/cjs/loader.js:986:32)\n    at Function.Module._load (internal/modules/cjs/loader.js:879:14)\n    at Module.require (internal/modules/cjs/loader.js:1026:19)\n    at require (internal/modules/cjs/helpers.js:72:18)\n    at Object.<anonymous> (F:\\AmassApp\\components\\yodlee_users\\service\\index.js:18:17)\n    at Module._compile (internal/modules/cjs/loader.js:1138:30)\n    at Object.Module._extensions..js (internal/modules/cjs/loader.js:1158:10)\n    at Module.load (internal/modules/cjs/loader.js:986:32)\n    at Function.Module._load (internal/modules/cjs/loader.js:879:14)\n    at Module.require (internal/modules/cjs/loader.js:1026:19)\n    at require (internal/modules/cjs/helpers.js:72:18)\n    at Object.<anonymous> (F:\\AmassApp\\components\\yodlee_users\\api\\index.js:4:17)\n    at Module._compile (internal/modules/cjs/loader.js:1138:30)","level":"error","timestamp":"2020-06-04T18:16:57.088Z"}
{"level":"error","message":"[boot:settings:routes:Initialising routes:components:routes] error while configuring routes","timestamp":"2020-06-04T18:16:57.106Z"}
{"took":0.893,"level":"silly","message":"[boot:settings:routes:Initialising routes:components:routes] took: 0.893 second(s)","timestamp":"2020-06-04T18:16:57.107Z"}
{"took":0.894,"level":"silly","message":"[boot:settings:routes:Initialising routes] took: 0.894 second(s)","timestamp":"2020-06-04T18:16:57.107Z"}
{"level":"silly","message":"[boot:settings:swagger:configure:REGISTERING HAPI - SWAGGER] started","timestamp":"2020-06-04T18:16:57.282Z"}
{"level":"silly","message":"[boot:settings:hapi:register] started","timestamp":"2020-06-04T18:16:57.283Z"}
{"took":0.003,"level":"silly","message":"[boot:settings:swagger:configure:REGISTERING HAPI - SWAGGER] took: 0.003 second(s)","timestamp":"2020-06-04T18:16:57.285Z"}
{"level":"silly","message":"[boot:bin:server:init] started","timestamp":"2020-06-04T18:16:57.285Z"}
{"level":"verbose","message":"[exchange:undefined] using environment: default","timestamp":"2020-06-04T18:16:57.286Z"}
{"level":"verbose","message":"[exchange:undefined] listening on port: 3000","timestamp":"2020-06-04T18:16:57.286Z"}
{"level":"verbose","message":"[exchange:undefined] server started : http://0.0.0.0:3000","timestamp":"2020-06-04T18:16:57.338Z"}
{"took":0.054,"level":"silly","message":"[boot:bin:server:init] took: 0.054 second(s)","timestamp":"2020-06-04T18:16:57.339Z"}
{"level":"silly","message":"[boot:settings:preparation:configure] started","timestamp":"2020-06-04T18:17:00.326Z"}
{"took":0.003,"level":"silly","message":"[boot:settings:preparation:configure] took: 0.003 second(s)","timestamp":"2020-06-04T18:17:00.328Z"}
{"level":"silly","message":"[boot:database:configure] started","timestamp":"2020-06-04T18:17:00.702Z"}
{"message":"[boot:database:configure] DB Connection Failed===","stack":"MongooseError: The `uri` parameter to `openUri()` must be a string, got \"undefined\". Make sure the first parameter to `mongoose.connect()` or `mongoose.createConnection()` is a string.\n    at new MongooseError (F:\\AmassApp\\node_modules\\mongoose\\lib\\error\\mongooseError.js:10:11)\n    at NativeConnection.Connection.openUri (F:\\AmassApp\\node_modules\\mongoose\\lib\\connection.js:579:11)\n    at Mongoose.connect (F:\\AmassApp\\node_modules\\mongoose\\lib\\index.js:333:15)\n    at Object.module.exports.configure (F:\\AmassApp\\settings\\database.js:16:24)\n    at configurations (F:\\AmassApp\\bin\\server.js:40:43)\n    at processTicksAndRejections (internal/process/task_queues.js:97:5)","name":"MongooseError","level":"error","timestamp":"2020-06-04T18:17:00.702Z"}
{"took":0.008,"level":"silly","message":"[boot:database:configure] took: 0.008 second(s)","timestamp":"2020-06-04T18:17:00.710Z"}
{"level":"silly","message":"[boot:settings:redis:configure] started","timestamp":"2020-06-04T18:17:00.829Z"}
{"level":"info","message":"[boot:settings:redis:configure] redis bypass","timestamp":"2020-06-04T18:17:00.829Z"}
{"took":0.001,"level":"silly","message":"[boot:settings:redis:configure] took: 0.001 second(s)","timestamp":"2020-06-04T18:17:00.830Z"}
{"level":"silly","message":"[boot:settings:hapi:configure] started","timestamp":"2020-06-04T18:17:00.971Z"}
{"level":"silly","message":"[boot:settings:routes:Initialising routes] started","timestamp":"2020-06-04T18:17:00.978Z"}
{"level":"silly","message":"[boot:settings:routes:Initialising routes:components:routes] started","timestamp":"2020-06-04T18:17:00.979Z"}
{"message":"[boot:settings:routes:Initialising routes:components:routes]","stack":"Error: The module '\\\\?\\F:\\AmassApp\\node_modules\\ursa\\build\\Release\\ursaNative.node'\nwas compiled against a different Node.js version using\nNODE_MODULE_VERSION 59. This version of Node.js requires\nNODE_MODULE_VERSION 72. Please try re-compiling or re-installing\nthe module (for instance, using `npm rebuild` or `npm install`).\n    at Object.Module._extensions..node (internal/modules/cjs/loader.js:1188:18)\n    at Module.load (internal/modules/cjs/loader.js:986:32)\n    at Function.Module._load (internal/modules/cjs/loader.js:879:14)\n    at Module.require (internal/modules/cjs/loader.js:1026:19)\n    at require (internal/modules/cjs/helpers.js:72:18)\n    at bindings (F:\\AmassApp\\node_modules\\bindings\\bindings.js:112:48)\n    at Object.<anonymous> (F:\\AmassApp\\node_modules\\ursa\\lib\\ursa.js:18:37)\n    at Module._compile (internal/modules/cjs/loader.js:1138:30)\n    at Object.Module._extensions..js (internal/modules/cjs/loader.js:1158:10)\n    at Module.load (internal/modules/cjs/loader.js:986:32)\n    at Function.Module._load (internal/modules/cjs/loader.js:879:14)\n    at Module.require (internal/modules/cjs/loader.js:1026:19)\n    at require (internal/modules/cjs/helpers.js:72:18)\n    at Object.<anonymous> (F:\\AmassApp\\components\\yodlee_users\\service\\index.js:18:17)\n    at Module._compile (internal/modules/cjs/loader.js:1138:30)\n    at Object.Module._extensions..js (internal/modules/cjs/loader.js:1158:10)\n    at Module.load (internal/modules/cjs/loader.js:986:32)\n    at Function.Module._load (internal/modules/cjs/loader.js:879:14)\n    at Module.require (internal/modules/cjs/loader.js:1026:19)\n    at require (internal/modules/cjs/helpers.js:72:18)\n    at Object.<anonymous> (F:\\AmassApp\\components\\yodlee_users\\api\\index.js:4:17)\n    at Module._compile (internal/modules/cjs/loader.js:1138:30)","level":"error","timestamp":"2020-06-04T18:17:01.683Z"}
{"level":"error","message":"[boot:settings:routes:Initialising routes:components:routes] error while configuring routes","timestamp":"2020-06-04T18:17:01.703Z"}
{"took":0.729,"level":"silly","message":"[boot:settings:routes:Initialising routes:components:routes] took: 0.729 second(s)","timestamp":"2020-06-04T18:17:01.708Z"}
{"took":0.73,"level":"silly","message":"[boot:settings:routes:Initialising routes] took: 0.73 second(s)","timestamp":"2020-06-04T18:17:01.708Z"}
{"level":"silly","message":"[boot:settings:swagger:configure:REGISTERING HAPI - SWAGGER] started","timestamp":"2020-06-04T18:17:01.903Z"}
{"level":"silly","message":"[boot:settings:hapi:register] started","timestamp":"2020-06-04T18:17:01.903Z"}
{"took":0.004,"level":"silly","message":"[boot:settings:swagger:configure:REGISTERING HAPI - SWAGGER] took: 0.004 second(s)","timestamp":"2020-06-04T18:17:01.907Z"}
{"level":"silly","message":"[boot:bin:server:init] started","timestamp":"2020-06-04T18:17:01.908Z"}
{"level":"verbose","message":"[exchange:undefined] using environment: default","timestamp":"2020-06-04T18:17:01.909Z"}
{"level":"verbose","message":"[exchange:undefined] listening on port: 3000","timestamp":"2020-06-04T18:17:01.910Z"}
{"level":"verbose","message":"[exchange:undefined] server started : http://0.0.0.0:3000","timestamp":"2020-06-04T18:17:01.981Z"}
{"took":0.073,"level":"silly","message":"[boot:bin:server:init] took: 0.073 second(s)","timestamp":"2020-06-04T18:17:01.981Z"}
{"level":"silly","message":"[boot:settings:preparation:configure] started","timestamp":"2020-06-04T18:17:47.997Z"}
{"took":0.002,"level":"silly","message":"[boot:settings:preparation:configure] took: 0.002 second(s)","timestamp":"2020-06-04T18:17:47.998Z"}
{"level":"silly","message":"[boot:database:configure] started","timestamp":"2020-06-04T18:17:48.408Z"}
{"message":"[boot:database:configure] DB Connection Failed===","stack":"MongooseError: The `uri` parameter to `openUri()` must be a string, got \"undefined\". Make sure the first parameter to `mongoose.connect()` or `mongoose.createConnection()` is a string.\n    at new MongooseError (F:\\AmassApp\\node_modules\\mongoose\\lib\\error\\mongooseError.js:10:11)\n    at NativeConnection.Connection.openUri (F:\\AmassApp\\node_modules\\mongoose\\lib\\connection.js:579:11)\n    at Mongoose.connect (F:\\AmassApp\\node_modules\\mongoose\\lib\\index.js:333:15)\n    at Object.module.exports.configure (F:\\AmassApp\\settings\\database.js:16:24)\n    at configurations (F:\\AmassApp\\bin\\server.js:40:43)\n    at processTicksAndRejections (internal/process/task_queues.js:97:5)","name":"MongooseError","level":"error","timestamp":"2020-06-04T18:17:48.409Z"}
{"took":0.007,"level":"silly","message":"[boot:database:configure] took: 0.007 second(s)","timestamp":"2020-06-04T18:17:48.415Z"}
{"level":"silly","message":"[boot:settings:redis:configure] started","timestamp":"2020-06-04T18:17:48.546Z"}
{"level":"info","message":"[boot:settings:redis:configure] redis bypass","timestamp":"2020-06-04T18:17:48.547Z"}
{"took":0.001,"level":"silly","message":"[boot:settings:redis:configure] took: 0.001 second(s)","timestamp":"2020-06-04T18:17:48.547Z"}
{"level":"silly","message":"[boot:settings:hapi:configure] started","timestamp":"2020-06-04T18:17:48.697Z"}
{"level":"silly","message":"[boot:settings:routes:Initialising routes] started","timestamp":"2020-06-04T18:17:48.706Z"}
{"level":"silly","message":"[boot:settings:routes:Initialising routes:components:routes] started","timestamp":"2020-06-04T18:17:48.708Z"}
{"message":"[boot:settings:routes:Initialising routes:components:routes]","stack":"Error: The module '\\\\?\\F:\\AmassApp\\node_modules\\ursa\\build\\Release\\ursaNative.node'\nwas compiled against a different Node.js version using\nNODE_MODULE_VERSION 59. This version of Node.js requires\nNODE_MODULE_VERSION 72. Please try re-compiling or re-installing\nthe module (for instance, using `npm rebuild` or `npm install`).\n    at Object.Module._extensions..node (internal/modules/cjs/loader.js:1188:18)\n    at Module.load (internal/modules/cjs/loader.js:986:32)\n    at Function.Module._load (internal/modules/cjs/loader.js:879:14)\n    at Module.require (internal/modules/cjs/loader.js:1026:19)\n    at require (internal/modules/cjs/helpers.js:72:18)\n    at bindings (F:\\AmassApp\\node_modules\\bindings\\bindings.js:112:48)\n    at Object.<anonymous> (F:\\AmassApp\\node_modules\\ursa\\lib\\ursa.js:18:37)\n    at Module._compile (internal/modules/cjs/loader.js:1138:30)\n    at Object.Module._extensions..js (internal/modules/cjs/loader.js:1158:10)\n    at Module.load (internal/modules/cjs/loader.js:986:32)\n    at Function.Module._load (internal/modules/cjs/loader.js:879:14)\n    at Module.require (internal/modules/cjs/loader.js:1026:19)\n    at require (internal/modules/cjs/helpers.js:72:18)\n    at Object.<anonymous> (F:\\AmassApp\\components\\yodlee_users\\service\\index.js:18:17)\n    at Module._compile (internal/modules/cjs/loader.js:1138:30)\n    at Object.Module._extensions..js (internal/modules/cjs/loader.js:1158:10)\n    at Module.load (internal/modules/cjs/loader.js:986:32)\n    at Function.Module._load (internal/modules/cjs/loader.js:879:14)\n    at Module.require (internal/modules/cjs/loader.js:1026:19)\n    at require (internal/modules/cjs/helpers.js:72:18)\n    at Object.<anonymous> (F:\\AmassApp\\components\\yodlee_users\\api\\index.js:4:17)\n    at Module._compile (internal/modules/cjs/loader.js:1138:30)","level":"error","timestamp":"2020-06-04T18:17:49.602Z"}
{"level":"error","message":"[boot:settings:routes:Initialising routes:components:routes] error while configuring routes","timestamp":"2020-06-04T18:17:49.612Z"}
{"took":0.906,"level":"silly","message":"[boot:settings:routes:Initialising routes:components:routes] took: 0.906 second(s)","timestamp":"2020-06-04T18:17:49.613Z"}
{"took":0.907,"level":"silly","message":"[boot:settings:routes:Initialising routes] took: 0.907 second(s)","timestamp":"2020-06-04T18:17:49.613Z"}
{"level":"silly","message":"[boot:settings:swagger:configure:REGISTERING HAPI - SWAGGER] started","timestamp":"2020-06-04T18:17:49.823Z"}
{"level":"silly","message":"[boot:settings:hapi:register] started","timestamp":"2020-06-04T18:17:49.823Z"}
{"took":0.003,"level":"silly","message":"[boot:settings:swagger:configure:REGISTERING HAPI - SWAGGER] took: 0.003 second(s)","timestamp":"2020-06-04T18:17:49.825Z"}
{"level":"silly","message":"[boot:bin:server:init] started","timestamp":"2020-06-04T18:17:49.825Z"}
{"level":"verbose","message":"[exchange:undefined] using environment: default","timestamp":"2020-06-04T18:17:49.826Z"}
{"level":"verbose","message":"[exchange:undefined] listening on port: 3000","timestamp":"2020-06-04T18:17:49.826Z"}
{"level":"verbose","message":"[exchange:undefined] server started : http://0.0.0.0:3000","timestamp":"2020-06-04T18:17:49.878Z"}
{"took":0.053,"level":"silly","message":"[boot:bin:server:init] took: 0.053 second(s)","timestamp":"2020-06-04T18:17:49.878Z"}
{"level":"verbose","message":"[exchange:undefined] onRequest:POST:/api/admin/uploadFile","timestamp":"2020-06-04T18:17:52.616Z"}
{"level":"silly","message":"[boot:admin:services:uploadFile] started","timestamp":"2020-06-04T18:17:52.631Z"}
{"level":"info","message":"[boot:undefined] 1398142_addsa uploaded to Server","timestamp":"2020-06-04T18:17:52.814Z"}
{"level":"info","message":"[boot:undefined] 1398142_addsa uploaded to  Cloudinary","timestamp":"2020-06-04T18:17:56.809Z"}
{"level":"silly","message":"[boot:settings:preparation:configure] started","timestamp":"2020-06-04T18:19:19.468Z"}
{"took":0.005,"level":"silly","message":"[boot:settings:preparation:configure] took: 0.005 second(s)","timestamp":"2020-06-04T18:19:19.470Z"}
{"level":"silly","message":"[boot:database:configure] started","timestamp":"2020-06-04T18:19:20.011Z"}
{"message":"[boot:database:configure] DB Connection Failed===","stack":"MongooseError: The `uri` parameter to `openUri()` must be a string, got \"undefined\". Make sure the first parameter to `mongoose.connect()` or `mongoose.createConnection()` is a string.\n    at new MongooseError (F:\\AmassApp\\node_modules\\mongoose\\lib\\error\\mongooseError.js:10:11)\n    at NativeConnection.Connection.openUri (F:\\AmassApp\\node_modules\\mongoose\\lib\\connection.js:579:11)\n    at Mongoose.connect (F:\\AmassApp\\node_modules\\mongoose\\lib\\index.js:333:15)\n    at Object.module.exports.configure (F:\\AmassApp\\settings\\database.js:16:24)\n    at configurations (F:\\AmassApp\\bin\\server.js:40:43)\n    at processTicksAndRejections (internal/process/task_queues.js:97:5)","name":"MongooseError","level":"error","timestamp":"2020-06-04T18:19:20.012Z"}
{"took":0.008,"level":"silly","message":"[boot:database:configure] took: 0.008 second(s)","timestamp":"2020-06-04T18:19:20.019Z"}
{"level":"silly","message":"[boot:settings:redis:configure] started","timestamp":"2020-06-04T18:19:20.177Z"}
{"level":"info","message":"[boot:settings:redis:configure] redis bypass","timestamp":"2020-06-04T18:19:20.177Z"}
{"took":0.001,"level":"silly","message":"[boot:settings:redis:configure] took: 0.001 second(s)","timestamp":"2020-06-04T18:19:20.178Z"}
{"level":"silly","message":"[boot:settings:hapi:configure] started","timestamp":"2020-06-04T18:19:20.434Z"}
{"level":"silly","message":"[boot:settings:routes:Initialising routes] started","timestamp":"2020-06-04T18:19:20.445Z"}
{"level":"silly","message":"[boot:settings:routes:Initialising routes:components:routes] started","timestamp":"2020-06-04T18:19:20.446Z"}
{"message":"[boot:settings:routes:Initialising routes:components:routes]","stack":"Error: The module '\\\\?\\F:\\AmassApp\\node_modules\\ursa\\build\\Release\\ursaNative.node'\nwas compiled against a different Node.js version using\nNODE_MODULE_VERSION 59. This version of Node.js requires\nNODE_MODULE_VERSION 72. Please try re-compiling or re-installing\nthe module (for instance, using `npm rebuild` or `npm install`).\n    at Object.Module._extensions..node (internal/modules/cjs/loader.js:1188:18)\n    at Module.load (internal/modules/cjs/loader.js:986:32)\n    at Function.Module._load (internal/modules/cjs/loader.js:879:14)\n    at Module.require (internal/modules/cjs/loader.js:1026:19)\n    at require (internal/modules/cjs/helpers.js:72:18)\n    at bindings (F:\\AmassApp\\node_modules\\bindings\\bindings.js:112:48)\n    at Object.<anonymous> (F:\\AmassApp\\node_modules\\ursa\\lib\\ursa.js:18:37)\n    at Module._compile (internal/modules/cjs/loader.js:1138:30)\n    at Object.Module._extensions..js (internal/modules/cjs/loader.js:1158:10)\n    at Module.load (internal/modules/cjs/loader.js:986:32)\n    at Function.Module._load (internal/modules/cjs/loader.js:879:14)\n    at Module.require (internal/modules/cjs/loader.js:1026:19)\n    at require (internal/modules/cjs/helpers.js:72:18)\n    at Object.<anonymous> (F:\\AmassApp\\components\\yodlee_users\\service\\index.js:18:17)\n    at Module._compile (internal/modules/cjs/loader.js:1138:30)\n    at Object.Module._extensions..js (internal/modules/cjs/loader.js:1158:10)\n    at Module.load (internal/modules/cjs/loader.js:986:32)\n    at Function.Module._load (internal/modules/cjs/loader.js:879:14)\n    at Module.require (internal/modules/cjs/loader.js:1026:19)\n    at require (internal/modules/cjs/helpers.js:72:18)\n    at Object.<anonymous> (F:\\AmassApp\\components\\yodlee_users\\api\\index.js:4:17)\n    at Module._compile (internal/modules/cjs/loader.js:1138:30)","level":"error","timestamp":"2020-06-04T18:19:21.429Z"}
{"level":"error","message":"[boot:settings:routes:Initialising routes:components:routes] error while configuring routes","timestamp":"2020-06-04T18:19:21.442Z"}
{"took":0.997,"level":"silly","message":"[boot:settings:routes:Initialising routes:components:routes] took: 0.997 second(s)","timestamp":"2020-06-04T18:19:21.444Z"}
{"took":0.999,"level":"silly","message":"[boot:settings:routes:Initialising routes] took: 0.999 second(s)","timestamp":"2020-06-04T18:19:21.444Z"}
{"level":"silly","message":"[boot:settings:swagger:configure:REGISTERING HAPI - SWAGGER] started","timestamp":"2020-06-04T18:19:21.634Z"}
{"level":"silly","message":"[boot:settings:hapi:register] started","timestamp":"2020-06-04T18:19:21.634Z"}
{"took":0.003,"level":"silly","message":"[boot:settings:swagger:configure:REGISTERING HAPI - SWAGGER] took: 0.003 second(s)","timestamp":"2020-06-04T18:19:21.637Z"}
{"level":"silly","message":"[boot:bin:server:init] started","timestamp":"2020-06-04T18:19:21.637Z"}
{"level":"verbose","message":"[exchange:undefined] using environment: default","timestamp":"2020-06-04T18:19:21.637Z"}
{"level":"verbose","message":"[exchange:undefined] listening on port: 3000","timestamp":"2020-06-04T18:19:21.638Z"}
{"level":"verbose","message":"[exchange:undefined] server started : http://0.0.0.0:3000","timestamp":"2020-06-04T18:19:21.688Z"}
{"took":0.052,"level":"silly","message":"[boot:bin:server:init] took: 0.052 second(s)","timestamp":"2020-06-04T18:19:21.689Z"}
